<?xml version="1.0" encoding="UTF-8"?>
<beans xmlns="http://www.springframework.org/schema/beans"
       xmlns:xsi="http://www.w3.org/2001/XMLSchema-instance"
       xmlns:context="http://www.springframework.org/schema/context"
       xmlns:tx="http://www.springframework.org/schema/tx"
       xsi:schemaLocation="http://www.springframework.org/schema/bean
           http://www.springframework.org/schema/bean/spring-bean.xsd
           http://www.springframework.org/schema/contexthttp://www.springframework.org/schema/context/spring-context.xsd
           http://www.springframework.org/schema/tx
           http://www.springframework.org/schema/tx/spring-tx.xsd">

    <!-- Enable annotation-based configuration -->
    <context:annotation-config />

    <!-- Scan for components in the specified package -->
    <context:component-scan base-package="com.ecommerce.controller" />

    <!-- Configure ViewResolver for JSP views -->
    <bean id="jspViewResolver"
          class="org.springframework.web.servlet.view.InternalResourceViewResolver">
        <property name="viewClass" value="org.springframework.web.servlet.view.JstlView" />
        <property name="prefix" value="/WEB-INF/view/" />
        <property name="suffix" value=".jsp" />
    </bean>

    <!-- Configure MessageSource for internationalization -->
    <bean id="messageSource"
          class="org.springframework.context.support.ReloadableResourceBundleMessageSource">
        <property name="basename" value="classpath:messages" />
        <property name="defaultEncoding" value="UTF-8" />
    </bean>

    <!-- Configure DataSource using DriverManagerDataSource -->
    <bean id="dataSource" class="org.springframework.jdbc.datasource.DriverManagerDataSource">
        <property name="driverClassName" value="${jdbc.driverClassName}" />
        <property name="url" value="${jdbc.databaseurl}" />
        <property name="username" value="${jdbc.username}" />
        <property name="password" value="${jdbc.password}" />
    </bean>

    <!-- Configure JdbcTemplate with the DataSource -->
    <bean id="jdbcTemplate" class="org.springframework.jdbc.core.JdbcTemplate">
        <property name="dataSource" ref="dataSource" />
    </bean>

    <!-- Configure DAO with JdbcTemplate -->
    <bean id="eProductDAO" class="com.ecommerce.dao.EProductDAO">
        <property name="template" ref="jdbcTemplate" />
    </bean>

    <!-- Enable declarative transaction management -->
    <tx:annotation-driven />

    <!-- Configure HibernateTransactionManager -->
    <bean id="transactionManager"
          class="org.springframework.orm.hibernate5.HibernateTransactionManager">
        <property name="sessionFactory" ref="sessionFactory" />
    </bean>
</beans>
